city_id,city,country,date,latitude,longitude,max_temp,humidity,clouds,wind
0,Iqaluit,CA,2022-06-04 18:26:18,63.7506,-68.5145,47.93,61,20,3.44
1,Cape Town,ZA,2022-06-04 18:26:18,-33.9258,18.4232,62.11,85,20,13.8
2,Husavik,IS,2022-06-04 18:35:23,66.0449,-17.3389,45.09,64,4,4.5
3,Punta Arenas,CL,2022-06-04 18:26:19,-53.15,-70.9167,41.11,65,40,21.85
4,Ushuaia,AR,2022-06-04 18:35:24,-54.8,-68.3,38.82,65,20,2.3
5,Kapaa,US,2022-06-04 18:35:25,22.0752,-159.319,76.98,86,20,8.05
6,Thompson,CA,2022-06-04 18:26:21,55.7435,-97.8558,44.76,76,100,5.75
7,Butaritari,KI,2022-06-04 18:35:26,3.0707,172.7902,80.74,70,75,9.08
8,Rikitea,PF,2022-06-04 18:35:26,-23.1203,-134.9692,75.67,74,100,9.69
9,Comodoro Rivadavia,AR,2022-06-04 18:26:22,-45.8667,-67.5,53.46,35,0,11.5
10,Arani,IN,2022-06-04 18:26:22,12.6667,79.2833,86.14,54,78,4.36
11,East London,ZA,2022-06-04 18:24:42,-33.0153,27.9116,58.14,88,0,11.5
12,Muzhi,RU,2022-06-04 18:26:23,65.3667,64.6667,41.14,38,19,8.55
13,Bom Jesus Da Lapa,BR,2022-06-04 18:26:24,-13.255,-43.4181,91.89,21,56,12.86
14,Dikson,RU,2022-06-04 18:26:24,73.5069,80.5464,26.44,94,16,6.4
15,Lebu,CL,2022-06-04 18:26:12,-37.6167,-73.65,51.28,96,100,10.07
16,Atuona,PF,2022-06-04 18:26:25,-9.8,-139.0333,78.1,76,19,18.1
17,San Patricio,US,2022-06-04 18:26:26,28.017,-97.5169,92.16,43,26,7.02
18,Waddan,LY,2022-06-04 18:26:26,29.1614,16.139,87.71,20,0,9.37
19,Puerto Ayora,EC,2022-06-04 18:26:27,-0.7393,-90.3518,80.56,82,82,9.8
20,Saskylakh,RU,2022-06-04 18:26:28,71.9167,114.0833,32.77,94,100,10.31
21,Victoria,HK,2022-06-04 18:21:40,22.2855,114.1577,85.17,82,100,13.0
22,Yellowknife,CA,2022-06-04 18:24:12,62.456,-114.3525,70.32,30,20,10.36
23,Makakilo City,US,2022-06-04 18:26:29,21.3469,-158.0858,79.12,61,0,9.22
24,Yerbogachen,RU,2022-06-04 18:26:30,61.2767,108.0108,46.45,52,96,1.16
25,Christchurch,NZ,2022-06-04 18:22:42,-43.5333,172.6333,50.92,85,92,11.5
26,Moron,AR,2022-06-04 18:26:31,-34.6534,-58.6198,62.01,68,100,6.96
27,San Andres,CO,2022-06-04 18:24:21,12.5847,-81.7006,86.02,74,40,5.75
28,Saint George,US,2022-06-04 18:23:32,37.1041,-113.5841,91.44,13,0,8.05
29,Timmins,CA,2022-06-04 18:26:32,48.4669,-81.3331,49.82,81,100,6.91
30,Albany,US,2022-06-04 18:23:42,42.6001,-73.9662,78.64,44,17,13.35
31,Nikolskoye,RU,2022-06-04 18:24:49,59.7035,30.7861,57.78,95,83,4.88
32,Kuching,MY,2022-06-04 18:26:33,1.55,110.3333,77.22,94,40,1.14
33,Alta Floresta,BR,2022-06-04 18:26:33,-9.8756,-56.0861,96.62,30,40,9.22
34,Cravo Norte,CO,2022-06-04 18:26:34,6.3017,-70.2041,72.18,98,100,3.31
35,Margate,GB,2022-06-04 18:26:35,51.3813,1.3862,57.11,82,31,8.01
36,Bluff,NZ,2022-06-04 18:24:51,-46.6,168.3333,34.81,73,99,7.81
37,Hamilton,US,2022-06-04 18:26:33,39.1834,-84.5333,83.5,37,0,4.61
38,Savonlinna,FI,2022-06-04 18:26:36,61.8699,28.88,55.45,88,0,5.75
39,Gweta,BW,2022-06-04 18:26:37,-20.1833,25.2333,62.76,42,1,4.0
40,Kodiak,US,2022-06-04 18:26:37,57.79,-152.4072,72.91,23,0,11.5
41,Longyearbyen,SJ,2022-06-04 18:26:38,78.2186,15.6401,42.64,70,75,13.8
42,Mataura,NZ,2022-06-04 18:24:48,-46.1927,168.8643,34.48,82,97,3.51
43,Umm Lajj,SA,2022-06-04 18:26:39,25.0213,37.2685,85.48,56,54,7.02
44,Pavlohrad,UA,2022-06-04 18:26:39,48.5167,35.8667,66.94,77,98,7.61
45,Busselton,AU,2022-06-04 18:26:40,-33.65,115.3333,56.41,79,67,7.31
46,Georgetown,MY,2022-06-04 18:32:55,5.4112,100.3354,82.33,87,40,2.3
47,Balkanabat,TM,2022-06-04 18:36:39,39.5108,54.3671,86.92,17,0,4.63
48,Mnogovershinnyy,RU,2022-06-04 18:36:40,53.9353,139.9242,43.99,65,10,3.53
49,Hobyo,SO,2022-06-04 18:36:40,5.3505,48.5268,78.06,87,42,24.14
50,Chokurdakh,RU,2022-06-04 18:36:41,70.6333,147.9167,44.29,47,100,12.12
51,Coihaique,CL,2022-06-04 18:33:22,-45.5752,-72.0662,46.35,57,20,8.05
52,Manuk Mangkaw,PH,2022-06-04 18:36:42,4.8,119.85,82.76,68,57,0.92
53,Salalah,OM,2022-06-04 18:36:43,17.0151,54.0924,84.29,74,40,4.61
54,Moranbah,AU,2022-06-04 18:36:43,-22.0016,148.0466,63.12,87,6,5.97
55,Arraial Do Cabo,BR,2022-06-04 18:36:44,-22.9661,-42.0278,71.56,56,75,8.05
56,Saldanha,ZA,2022-06-04 18:36:44,-33.0117,17.9442,57.25,89,100,12.44
57,Eldorado,BR,2022-06-04 18:36:45,-23.7869,-54.2836,70.54,71,98,8.5
58,Verkhnevilyuysk,RU,2022-06-04 18:36:45,63.4453,120.3167,49.93,77,99,3.78
59,Vao,NC,2022-06-04 18:36:46,-22.6667,167.4833,72.97,70,100,9.71
60,Vaini,TO,2022-06-04 18:36:46,-21.2,-175.2,68.16,100,40,4.61
61,Inverell,AU,2022-06-04 18:36:47,-29.7833,151.1167,40.66,95,72,3.47
62,Lagoa,PT,2022-06-04 18:36:47,39.05,-27.9833,64.6,89,92,25.55
63,Ponta Delgada,PT,2022-06-04 18:36:48,37.7333,-25.6667,71.51,94,75,8.05
64,Eureka,US,2022-06-04 18:36:48,40.8021,-124.1637,65.59,92,100,6.51
65,Qaanaaq,GL,2022-06-04 18:36:49,77.484,-69.3632,28.94,76,99,4.47
66,San-Pedro,CI,2022-06-04 18:36:49,4.7485,-6.6363,77.88,86,91,6.76
67,Moses Lake,US,2022-06-04 18:36:50,47.1301,-119.2781,59.36,67,75,13.8
68,Bredasdorp,ZA,2022-06-04 18:36:50,-34.5322,20.0403,57.99,89,100,3.98
69,Kargopol,RU,2022-06-04 18:36:51,61.5071,38.9456,50.65,95,100,4.74
70,Severo-Kurilsk,RU,2022-06-04 18:36:51,50.6789,156.125,42.17,90,90,4.79
71,Khatanga,RU,2022-06-04 18:36:52,71.9667,102.5,26.92,90,100,14.65
72,Souillac,MU,2022-06-04 18:36:52,-20.5167,57.5167,73.78,73,40,14.97
73,Tura,IN,2022-06-04 18:36:53,25.5198,90.2201,72.99,96,97,3.89
74,Rocha,UY,2022-06-04 18:36:53,-34.4833,-54.3333,56.62,69,100,7.67
75,Marsa Matruh,EG,2022-06-04 18:36:54,31.3525,27.2453,75.4,69,0,6.91
76,Debre Sina,ET,2022-06-04 18:36:54,9.85,39.7667,58.21,53,88,2.89
77,Flin Flon,CA,2022-06-04 18:36:55,54.7682,-101.865,51.64,66,75,8.05
78,Castro,BR,2022-06-04 18:36:55,-24.7911,-50.0119,58.3,78,14,7.29
79,Santa Cruz Cabralia,BR,2022-06-04 18:36:56,-16.2781,-39.0247,75.43,83,75,11.5
80,Hilo,US,2022-06-04 18:36:52,19.7297,-155.09,85.28,94,100,3.0
81,Jamestown,US,2022-06-04 18:36:57,42.097,-79.2353,65.95,24,0,6.91
82,Ribeira Grande,PT,2022-06-04 18:36:57,38.5167,-28.7,66.6,94,75,20.71
83,Bethel,US,2022-06-04 18:36:58,41.3712,-73.414,84.29,39,0,10.36
84,Turan,VN,2022-06-04 18:32:53,16.0678,108.2208,80.58,83,20,1.14
85,Ciudad Bolivar,VE,2022-06-04 18:36:59,8.1222,-63.5497,90.57,47,82,9.19
86,Coquimbo,CL,2022-06-04 18:36:59,-29.9533,-71.3436,62.33,44,0,3.44
87,Metro,ID,2022-06-04 18:37:00,-5.1131,105.3067,73.71,92,46,4.25
88,Carnarvon,AU,2022-06-04 18:37:00,-24.8667,113.6333,68.25,39,100,11.74
89,Cidreira,BR,2022-06-04 18:37:01,-30.1811,-50.2056,62.22,75,6,17.22
90,Kaitangata,NZ,2022-06-04 18:37:01,-46.2817,169.8464,39.52,79,100,6.67
91,Jesus Carranza,MX,2022-06-04 18:37:02,17.4333,-95.0333,88.7,51,29,4.41
92,San Juan Del Sur,NI,2022-06-04 18:37:03,11.2529,-85.8705,82.62,78,75,4.61
93,Yurimaguas,PE,2022-06-04 18:37:03,-5.9,-76.0833,80.76,74,40,0.0
94,Bereda,ES,2022-06-04 18:38:04,43.2686,-7.5406,62.42,98,46,2.71
95,Alugan,PH,2022-06-04 18:38:04,12.2188,125.4808,79.79,80,100,1.3
96,Itarema,BR,2022-06-04 18:38:05,-2.9248,-39.9167,81.14,76,28,6.87
97,Tabuk,PH,2022-06-04 18:38:05,17.4189,121.4443,74.39,89,100,2.01
98,Inhambane,MZ,2022-06-04 18:38:06,-23.865,35.3833,67.96,77,6,6.87
99,Norman Wells,CA,2022-06-04 18:38:06,65.282,-126.8329,46.44,71,75,4.61
100,College,US,2022-06-04 18:38:07,64.8569,-147.8028,71.01,42,75,12.66
101,Banihal,IN,2022-06-04 18:38:07,33.4167,75.2,74.84,43,5,3.76
102,Port Alfred,ZA,2022-06-04 18:38:08,-33.5906,26.891,57.18,89,99,4.0
103,Mar Del Plata,AR,2022-06-04 18:38:08,-38.0023,-57.5575,57.22,67,20,12.66
104,Ostrovnoy,RU,2022-06-04 18:38:09,68.0531,39.5131,54.0,71,51,9.33
105,Geraldton,AU,2022-06-04 18:38:09,-28.7667,114.6,52.21,62,100,9.22
106,Isangel,VU,2022-06-04 18:38:10,-19.55,169.2667,73.51,83,28,8.05
107,Saint-Philippe,RE,2022-06-04 18:38:10,-21.3585,55.7679,74.79,78,40,14.79
108,Aklavik,CA,2022-06-04 18:38:11,68.2191,-135.0107,33.8,86,100,6.91
109,Hithadhoo,MV,2022-06-04 18:38:11,-0.6,73.0833,83.8,69,100,8.99
110,Palmer,US,2022-06-04 18:38:12,42.1584,-72.3287,82.62,40,75,12.66
111,Hubli,IN,2022-06-04 18:38:12,15.35,75.1667,77.36,75,99,6.33
112,Haines Junction,CA,2022-06-04 18:38:13,60.7522,-137.5108,67.95,37,55,1.14
113,Kuah,MY,2022-06-04 18:38:13,6.3265,99.8432,80.58,83,20,1.14
114,Poum,NC,2022-06-04 18:38:14,-20.2333,164.0167,75.04,76,80,12.46
115,Pacific Grove,US,2022-06-04 18:38:14,36.6177,-121.9166,69.48,81,20,5.99
116,Muisne,EC,2022-06-04 18:38:15,0.6,-80.0333,77.29,85,95,11.21
117,Hobart,AU,2022-06-04 18:38:16,-42.8794,147.3294,43.27,90,40,3.44
118,Port Elizabeth,ZA,2022-06-04 18:34:11,-33.918,25.5701,61.32,83,0,13.8
119,Chimbote,PE,2022-06-04 18:38:16,-9.0853,-78.5783,69.67,73,94,9.93
120,Terneuzen,NL,2022-06-04 18:38:17,51.2809,3.8392,76.01,60,100,5.99
121,Barcelona,ES,2022-06-04 18:37:06,41.3888,2.159,82.18,68,0,6.91
122,Calabazar De Sagua,CU,2022-06-04 18:38:18,22.6447,-79.8961,81.07,83,75,10.36
123,Nabire,ID,2022-06-04 18:38:18,-3.3667,135.4833,73.65,93,100,3.6
124,Xuddur,SO,2022-06-04 18:38:19,4.1213,43.8894,76.66,66,74,16.64
125,La Rioja,ES,2022-06-04 18:34:52,42.25,-2.5,67.78,73,77,4.45
126,Mount Gambier,AU,2022-06-04 18:38:19,-37.8333,140.7667,48.29,70,100,15.3
127,Buala,SB,2022-06-04 18:38:20,-8.145,159.5921,80.17,81,84,7.0
128,Ayagoz,KZ,2022-06-04 18:38:20,47.9714,80.4392,52.39,81,15,6.6
129,Clyde River,CA,2022-06-04 18:38:21,70.4692,-68.5914,32.23,86,100,9.22
130,Bathsheba,BB,2022-06-04 18:38:22,13.2167,-59.5167,88.41,66,40,23.02
131,Ponta Do Sol,PT,2022-06-04 18:38:23,32.6667,-17.1,69.71,75,20,2.46
132,Itoman,JP,2022-06-04 18:38:23,26.1247,127.6694,79.57,100,75,8.05
133,Codrington,AU,2022-06-04 18:38:24,-38.2667,141.9667,48.61,76,100,18.25
134,La Romana,DO,2022-06-04 18:38:24,18.4273,-68.9728,88.16,74,20,17.27
135,Bibiani,GH,2022-06-04 18:38:25,6.4635,-2.3194,74.62,94,100,3.22
136,Naraina,IN,2022-06-04 18:38:25,26.7833,75.2,91.65,14,0,15.1
137,Koungou,YT,2022-06-04 18:38:26,-12.7336,45.2042,78.51,73,0,9.22
138,Namibe,AO,2022-06-04 18:38:26,-15.1961,12.1522,75.4,53,32,9.51
139,Ivdel,RU,2022-06-04 18:38:27,60.6911,60.4206,43.9,70,5,2.8
140,Broome,US,2022-06-04 18:38:27,42.2506,-75.833,74.98,36,0,14.97
141,Kampot,KH,2022-06-04 18:39:28,10.6167,104.1833,77.05,79,100,4.27
142,Linjiang,CN,2022-06-04 18:39:29,41.8069,126.9078,56.39,99,100,3.44
143,Karratha,AU,2022-06-04 18:39:29,-20.7377,116.8463,68.49,54,0,9.22
144,Polunochnoye,RU,2022-06-04 18:39:30,60.8697,60.4153,42.15,67,6,3.0
145,Acapulco,MX,2022-06-04 18:39:30,16.8634,-99.8901,85.82,66,20,5.75
146,Saint-Leu,RE,2022-06-04 18:39:31,-21.15,55.2833,74.26,70,33,7.09
147,Sept-Iles,CA,2022-06-04 18:34:51,50.2001,-66.3821,54.12,64,75,6.91
148,Fukue,JP,2022-06-04 18:39:31,32.6881,128.8419,70.14,85,100,19.13
149,Tuktoyaktuk,CA,2022-06-04 18:39:32,69.4541,-133.0374,28.4,80,100,10.36
150,Mitsamiouli,KM,2022-06-04 18:39:32,-11.3847,43.2844,78.8,72,6,8.1
151,Fortuna,US,2022-06-04 18:39:33,40.5982,-124.1573,65.32,55,40,20.71
152,Vila Franca Do Campo,PT,2022-06-04 18:39:33,37.7167,-25.4333,71.2,93,100,10.22
153,Broken Hill,AU,2022-06-04 18:39:34,-31.95,141.4333,50.97,70,100,21.54
154,Los Llanos De Aridane,ES,2022-06-04 18:39:35,28.6585,-17.9182,67.75,74,75,14.97
155,Bambanglipuro,ID,2022-06-04 18:39:35,-7.95,110.2833,74.88,96,97,4.0
156,Colac,AU,2022-06-04 18:39:36,-38.3333,143.5833,47.17,89,100,16.15
157,Villarrubia De Los Ojos,ES,2022-06-04 18:39:36,39.2209,-3.608,76.93,28,2,8.95
158,Aksarka,RU,2022-06-04 18:39:37,66.5606,67.7975,35.96,52,6,13.69
159,Nanortalik,GL,2022-06-04 18:39:37,60.1432,-45.2371,46.35,53,60,3.22
160,Kihei,US,2022-06-04 18:39:38,20.785,-156.4656,78.96,74,40,11.5
161,Bengkulu,ID,2022-06-04 18:39:38,-3.8004,102.2655,75.47,89,100,4.07
162,Vila,PT,2022-06-04 18:39:39,42.0304,-8.1588,59.7,76,31,3.0
163,Half Moon Bay,US,2022-06-04 18:39:39,37.4636,-122.4286,72.05,62,100,6.91
164,Kapoeta,SS,2022-06-04 18:39:40,4.7717,33.5903,80.24,38,47,11.23
165,Bodden Town,KY,2022-06-04 18:39:40,19.2833,-81.25,87.01,77,20,12.66
166,Kabinda,CD,2022-06-04 18:39:41,-6.1333,24.4833,71.83,53,6,4.99
167,Okhotsk,RU,2022-06-04 18:39:41,59.3833,143.3,45.84,78,64,2.68
168,Whitianga,NZ,2022-06-04 18:39:42,-36.8333,175.7,58.14,77,100,11.68
169,Manado,ID,2022-06-04 18:39:42,1.487,124.8455,74.17,94,20,1.14
170,Ukiah,US,2022-06-04 18:39:43,39.1502,-123.2078,69.44,52,100,6.91
171,Seoul,KR,2022-06-04 18:39:36,37.5683,126.9778,73.0,56,0,8.05
172,Beloha,MG,2022-06-04 18:39:43,-25.1667,45.05,66.52,81,7,13.18
173,Chuy,UY,2022-06-04 18:39:44,-33.6971,-53.4616,58.42,66,100,10.92
174,Pitimbu,BR,2022-06-04 18:39:44,-7.4706,-34.8086,77.59,77,80,10.27
175,Bambous Virieux,MU,2022-06-04 18:39:45,-20.3428,57.7575,74.21,73,40,14.97
176,Flinders,AU,2022-06-04 18:39:46,-34.5833,150.8552,58.37,61,4,5.99
177,Port Hardy,CA,2022-06-04 18:39:46,50.6996,-127.4199,57.38,77,75,10.36
178,Tiznit,MA,2022-06-04 18:39:47,29.5833,-9.5,63.57,75,11,6.55
179,Lorengau,PG,2022-06-04 18:39:47,-2.0226,147.2712,79.93,73,87,6.02
180,Poso,ID,2022-06-04 18:39:48,-1.3959,120.7524,76.1,83,98,3.78
181,Tasiilaq,GL,2022-06-04 18:39:48,65.6145,-37.6368,39.36,66,84,8.68
182,Rio Gallegos,AR,2022-06-04 18:39:49,-51.6226,-69.2181,39.16,60,43,9.84
183,Storsteinnes,NO,2022-06-04 18:39:49,69.2408,19.2344,52.45,62,100,5.17
184,Mandalgovi,MN,2022-06-04 18:39:50,45.7625,106.2708,48.85,43,0,11.41
185,Nuuk,GL,2022-06-04 18:39:50,64.1835,-51.7216,59.61,26,0,5.75
186,Provideniya,RU,2022-06-04 18:39:51,64.3833,-173.3,50.47,52,57,4.32
187,Lalmohan,BD,2022-06-04 18:39:52,22.3384,90.7419,83.25,84,100,14.45
188,Northam,GB,2022-06-04 18:40:52,51.0333,-4.2167,62.62,75,100,11.7
189,Deputatskiy,RU,2022-06-04 18:40:53,69.3,139.9,45.97,80,69,4.14
190,New Norfolk,AU,2022-06-04 18:40:53,-42.7826,147.0587,42.93,82,100,1.41
191,Vardo,NO,2022-06-04 18:40:54,70.3705,31.1107,44.58,100,100,12.66
192,Abong Mbang,CM,2022-06-04 18:40:55,3.9833,13.1833,67.87,98,100,5.95
193,Tiksi,RU,2022-06-04 18:40:55,71.6872,128.8694,49.28,77,100,9.1
194,Bahir Dar,ET,2022-06-04 18:40:56,11.5936,37.3908,65.5,67,67,6.62
195,Virginia Beach,US,2022-06-04 18:39:21,36.8529,-75.978,85.05,47,20,8.05
196,Yulara,AU,2022-06-04 18:40:57,-25.2406,130.9889,51.96,52,0,7.78
197,Barrow,US,2022-06-04 18:40:57,71.2906,-156.7887,28.42,86,100,25.32
198,Del Rio,US,2022-06-04 18:40:58,29.3627,-100.8968,91.8,40,0,18.41
199,Ancud,CL,2022-06-04 18:40:58,-41.8697,-73.8203,48.22,79,68,4.34
200,Dongargaon,IN,2022-06-04 18:40:59,20.9667,80.85,92.37,21,46,7.58
201,Bajos De Haina,DO,2022-06-04 18:41:00,18.4154,-70.0332,91.33,67,40,13.8
202,Liberty,US,2022-06-04 18:41:00,31.8335,-81.5004,86.25,71,75,11.01
203,Mareeba,AU,2022-06-04 18:41:01,-17.0,145.4333,65.12,98,38,2.55
204,Amberley,US,2022-06-04 18:41:01,39.2048,-84.428,83.08,35,0,3.0
205,Kandrian,PG,2022-06-04 18:41:02,-6.2167,149.55,76.69,88,7,3.74
206,San Lorenzo,PY,2022-06-04 18:41:02,-25.3333,-57.5333,68.94,73,75,7.0
207,Alta Gracia,AR,2022-06-04 18:41:03,-31.6529,-64.4283,67.55,38,0,11.05
208,Cabo San Lucas,MX,2022-06-04 18:39:08,22.8909,-109.9124,88.9,50,0,8.05
209,Ekhabi,RU,2022-06-04 18:41:03,53.5102,142.9671,40.12,83,20,7.54
210,Avarua,CK,2022-06-04 18:41:04,-21.2078,-159.775,77.05,88,40,13.8
211,Kushiro,JP,2022-06-04 18:41:04,42.975,144.3747,45.48,84,100,8.66
212,Hovd,MN,2022-06-04 18:41:05,48.0056,91.6419,58.96,26,100,11.59
213,Kasongo-Lunda,CD,2022-06-04 18:41:06,-6.4667,16.8167,73.53,48,5,2.15
214,Makarov,RU,2022-06-04 18:41:06,48.6333,142.8,39.29,94,100,8.75
215,Sar-E Pul,AF,2022-06-04 18:41:07,35.8333,66.1667,59.76,33,0,2.39
216,Laguna,US,2022-06-04 18:38:50,38.421,-121.4238,73.69,46,100,8.05
217,Dragoman,BG,2022-06-04 18:41:08,42.9189,22.9317,73.02,76,74,3.65
218,Rizhao,CN,2022-06-04 18:41:08,35.4275,119.4553,66.61,97,100,5.08
219,Weihai,CN,2022-06-04 18:39:07,37.5017,122.1136,64.71,90,100,11.45
220,Verkhnetulomskiy,RU,2022-06-04 18:41:09,68.6073,31.7962,53.73,95,100,3.47
221,Beringovskiy,RU,2022-06-04 18:41:09,63.05,179.3167,37.98,83,34,4.41
222,Srednekolymsk,RU,2022-06-04 18:41:10,67.45,153.6833,42.8,47,98,11.63
223,Duekoue,CI,2022-06-04 18:41:10,6.7472,-7.3496,76.8,85,100,3.58
224,Pisco,PE,2022-06-04 18:41:11,-13.7,-76.2167,68.05,73,0,8.05
225,Minab,IR,2022-06-04 18:41:11,27.1467,57.0801,90.91,40,0,5.7
226,Sao Gabriel Da Cachoeira,BR,2022-06-04 18:41:12,-0.1303,-67.0892,80.4,83,40,6.91
227,Merta,IN,2022-06-04 18:41:12,26.65,74.0333,90.97,18,0,15.37
228,Shimoda,JP,2022-06-04 18:41:13,34.6667,138.95,63.1,79,100,5.53
229,Parakou,BJ,2022-06-04 18:41:13,9.3372,2.6303,79.07,69,97,10.09
230,Ogori,JP,2022-06-04 18:41:14,34.1,131.4,69.76,87,100,10.78
231,Waingapu,ID,2022-06-04 18:41:14,-9.6567,120.2641,77.67,86,91,3.2
232,Obregon,NI,2022-06-04 18:41:15,11.9566,-85.9636,78.89,57,85,7.11
233,Mahebourg,MU,2022-06-04 18:41:15,-20.4081,57.7,74.25,73,40,14.97
234,Te Anau,NZ,2022-06-04 18:42:16,-45.4167,167.7167,41.79,84,100,1.41
235,Balkhash,KZ,2022-06-04 18:42:17,46.844,74.9804,68.65,49,100,13.87
236,Goderich,CA,2022-06-04 18:42:17,43.7501,-81.7165,61.12,41,0,5.75
237,Zastron,ZA,2022-06-04 18:42:18,-30.3023,27.084,45.37,46,2,2.42
238,San Quintin,MX,2022-06-04 18:42:18,30.4833,-115.95,68.49,68,21,20.0
239,Kirakira,SB,2022-06-04 18:42:19,-10.4544,161.9205,81.0,82,89,11.3
240,Panama City,PA,2022-06-04 18:42:20,8.9936,-79.5197,87.39,76,40,9.22
241,Vagur,FO,2022-06-04 18:42:20,61.4732,-6.8119,49.14,89,100,13.51
242,Mizan Teferi,ET,2022-06-04 18:42:21,6.9833,35.5833,60.08,96,61,3.18
243,Saint Anthony,US,2022-06-04 18:42:21,45.0205,-93.218,73.18,60,0,11.5
244,Zabaykalsk,RU,2022-06-04 18:42:22,49.6333,117.3167,53.91,81,100,18.43
245,Noumea,NC,2022-06-04 18:42:22,-22.2763,166.4572,71.01,99,12,4.29
246,Zarichne,UA,2022-06-04 18:42:23,51.8126,26.129,58.64,95,100,3.29
247,Balakhta,RU,2022-06-04 18:42:23,55.38,91.6,36.95,91,100,3.18
248,Muros,ES,2022-06-04 18:42:24,42.7762,-9.0603,67.84,79,6,9.1
249,Mujiayingzi,CN,2022-06-04 18:42:25,42.1167,118.7833,57.69,51,0,8.46
250,Hermanus,ZA,2022-06-04 18:42:25,-34.4187,19.2345,58.8,88,100,7.52
251,Kaeo,NZ,2022-06-04 18:42:26,-35.1,173.7833,50.32,96,100,4.63
252,Zhanaozen,KZ,2022-06-04 18:42:26,43.3,52.8,80.11,18,1,7.47
253,Nome,US,2022-06-04 18:42:27,64.5011,-165.4064,62.17,37,0,8.05
254,Berezhany,UA,2022-06-04 18:42:27,49.45,24.9333,60.66,95,99,3.02
255,Port Moresby,PG,2022-06-04 18:38:25,-9.4431,147.1797,74.62,100,20,3.44
256,Utica,US,2022-06-04 18:39:08,43.1009,-75.2327,70.74,49,0,3.0
257,Umm Kaddadah,SD,2022-06-04 18:42:28,13.6017,26.6876,86.9,23,100,3.58
258,Ntchisi,MW,2022-06-04 18:42:29,-13.5278,33.9149,52.07,62,15,2.37
259,Kahului,US,2022-06-04 18:42:18,20.8947,-156.47,78.96,71,40,11.5
260,Airai,TL,2022-06-04 18:42:30,-8.9266,125.4092,59.29,92,97,1.16
261,Hualmay,PE,2022-06-04 18:42:30,-11.0964,-77.6139,70.65,67,100,7.96
262,Taltal,CL,2022-06-04 18:42:31,-25.4,-70.4833,67.55,40,87,3.09
263,Lensk,RU,2022-06-04 18:42:31,60.7253,114.9278,49.73,85,5,3.87
264,Cherskiy,RU,2022-06-04 18:42:32,68.75,161.3,34.79,65,8,13.15
265,Oistins,BB,2022-06-04 18:42:32,13.0667,-59.5333,87.89,66,40,23.02
266,Banjar,ID,2022-06-04 18:42:33,-8.19,114.9675,76.93,90,26,2.98
267,Burnie,AU,2022-06-04 18:42:33,-41.0667,145.9167,54.23,86,100,27.89
268,Xinpu,CN,2022-06-04 18:42:34,34.5997,119.1594,68.68,94,100,5.68
269,Nioro,GM,2022-06-04 18:42:34,13.35,-15.75,90.93,44,89,17.34
270,Klaksvik,FO,2022-06-04 18:42:35,62.2266,-6.589,49.12,86,100,7.43
271,Vaasa,FI,2022-06-04 18:42:35,63.096,21.6158,57.29,71,0,8.05
272,Manzhouli,CN,2022-06-04 18:42:36,49.6,117.4333,54.27,80,100,17.56
273,Ahuimanu,US,2022-06-04 18:42:37,21.4447,-157.8378,80.31,62,40,9.22
274,Sitka,US,2022-06-04 18:42:37,57.0531,-135.33,55.29,76,75,20.71
275,Vila Velha,BR,2022-06-04 18:42:38,-20.3297,-40.2925,71.55,89,75,15.01
276,Luderitz,NA,2022-06-04 18:42:38,-26.6481,15.1594,62.96,53,0,8.9
277,Bongaree,AU,2022-06-04 18:42:39,-27.0797,153.1586,52.39,76,99,5.23
278,Matay,EG,2022-06-04 18:42:39,28.419,30.7792,90.48,19,0,5.26
279,Faanui,PF,2022-06-04 18:42:40,-16.4833,-151.75,80.15,74,93,15.43
280,Fairbanks,US,2022-06-04 18:43:40,64.8378,-147.7164,71.1,41,20,12.66
281,Iralaya,HN,2022-06-04 18:43:41,15.0,-83.2333,83.7,76,100,5.14
282,Kungurtug,RU,2022-06-04 18:43:41,50.5994,97.5228,46.06,52,52,3.69
283,Alice Springs,AU,2022-06-04 18:43:42,-23.7,133.8833,47.75,93,85,0.0
284,Manitouwadge,CA,2022-06-04 18:43:42,49.1215,-85.8403,58.05,45,94,9.19
285,Esperance,AU,2022-06-04 18:39:25,-33.8667,121.9,53.44,71,97,20.74
286,Rota,ES,2022-06-04 18:43:43,36.6224,-6.3586,72.21,73,20,11.5
287,Arawa,PG,2022-06-04 18:43:44,-6.2132,155.5367,77.9,80,96,2.26
288,Dali,CN,2022-06-04 18:43:44,25.7,100.1833,62.11,94,36,5.41
289,Lompoc,US,2022-06-04 18:43:45,34.6391,-120.4579,69.85,81,100,13.0
290,Asfi,MA,2022-06-04 18:43:45,32.2994,-9.2372,68.86,70,92,21.94
291,Betsiamites,CA,2022-06-04 18:43:46,48.9413,-68.646,54.0,84,100,9.4
292,Viedma,AR,2022-06-04 18:43:46,-40.8135,-62.9967,52.84,50,100,14.14
293,Nichinan,JP,2022-06-04 18:43:47,31.6,131.3667,68.13,91,99,4.47
294,Scarborough,GB,2022-06-04 18:43:47,54.2797,-0.4044,51.78,77,14,5.01
295,Zeya,RU,2022-06-04 18:43:48,53.75,127.2667,50.72,74,2,3.67
296,Turbat,PK,2022-06-04 18:43:49,26.0023,63.044,90.43,32,0,4.0
297,Chicomuselo,MX,2022-06-04 18:43:49,15.7667,-92.2667,87.26,45,84,4.27
298,Bandar-E Lengeh,IR,2022-06-04 18:43:50,26.5579,54.8807,87.91,25,0,0.0
299,Baykit,RU,2022-06-04 18:43:50,61.67,96.37,31.42,95,81,1.28
300,Gat,IL,2022-06-04 18:43:51,31.61,34.7642,79.39,59,0,7.02
301,Katsuura,JP,2022-06-04 18:43:51,35.1333,140.3,66.0,75,100,8.14
302,Komsomolskiy,UZ,2022-06-04 18:43:52,40.4272,71.7189,72.32,33,1,4.61
303,Diego De Almagro,CL,2022-06-04 18:43:52,-26.3667,-70.05,71.92,15,65,8.3
304,Touros,BR,2022-06-04 18:43:53,-5.1989,-35.4608,80.74,77,90,9.13
305,Kenai,US,2022-06-04 18:43:53,60.5544,-151.2583,71.02,60,0,4.61
306,Pevek,RU,2022-06-04 18:43:54,69.7008,170.3133,30.79,96,100,10.13
307,Asau,RO,2022-06-04 18:43:54,46.4333,26.4,66.96,92,100,4.79
308,Belmonte,BR,2022-06-04 18:43:55,-15.8631,-38.8828,75.04,85,55,16.93
309,Kalemie,CD,2022-06-04 18:43:56,-5.9475,29.1947,69.96,73,31,3.71
310,Ust-Kuyga,RU,2022-06-04 18:43:56,70.0167,135.6,60.37,63,100,2.98
311,Miranda,CO,2022-06-04 18:43:57,3.2499,-76.2281,79.65,72,61,3.56
312,Semibratovo,RU,2022-06-04 18:43:57,57.3046,39.5369,55.26,87,8,4.81
313,Dzaoudzi,YT,2022-06-04 18:43:58,-12.7887,45.2699,78.69,73,0,8.05
314,Chicama,PE,2022-06-04 18:43:58,-7.8447,-79.1469,63.14,57,33,10.47
315,Quatre Cocos,MU,2022-06-04 18:43:59,-20.2078,57.7625,74.08,72,100,20.2
316,Munster,DE,2022-06-04 18:43:03,51.9624,7.6257,73.18,49,0,4.61
317,Zaranj,AF,2022-06-04 18:44:00,30.9667,61.8833,85.96,10,0,27.58
318,Prince George,CA,2022-06-04 18:42:36,53.9166,-122.753,67.24,54,0,13.8
319,Maidstone,GB,2022-06-04 18:44:01,51.2667,0.5167,62.98,58,100,8.01
320,Sinop,TR,2022-06-04 18:44:01,41.7711,34.8709,63.05,73,97,4.68
321,Saint-Augustin,CA,2022-06-04 18:44:02,51.226,-58.6502,49.32,64,98,18.23
322,Talnakh,RU,2022-06-04 18:44:03,69.4865,88.3972,29.21,70,100,15.77
323,Tiverton,GB,2022-06-04 18:44:03,50.9,-3.4833,66.04,78,75,7.0
324,Roseburg,US,2022-06-04 18:45:04,43.2165,-123.3417,62.19,85,100,0.0
325,San Policarpo,PH,2022-06-04 18:45:04,12.1791,125.5072,79.81,81,100,1.21
326,Farsund,NO,2022-06-04 18:45:05,58.0948,6.8047,56.95,100,8,14.2
327,Upernavik,GL,2022-06-04 18:45:05,72.7868,-56.1549,31.78,74,6,15.95
328,Port Hedland,AU,2022-06-04 18:45:06,-20.3167,118.5667,62.65,77,5,6.91
329,Port Macquarie,AU,2022-06-04 18:44:21,-31.4333,152.9167,42.89,79,99,4.03
330,Farafangana,MG,2022-06-04 18:45:07,-22.8167,47.8333,70.72,84,96,12.44
331,Ahipara,NZ,2022-06-04 18:45:07,-35.1667,173.1667,55.11,82,100,6.69
332,Calama,CL,2022-06-04 18:42:38,-22.4667,-68.9333,64.89,22,75,17.27
333,Agirish,RU,2022-06-04 18:45:08,61.9247,63.0231,39.83,45,3,5.06
334,Barranco,PA,2022-06-04 18:45:09,9.5167,-82.7,89.01,59,26,6.08
335,Fayaoue,NC,2022-06-04 18:45:09,-20.65,166.5333,74.64,74,8,6.78
336,Yumen,CN,2022-06-04 18:45:10,40.2833,97.2,67.66,19,88,6.91
337,Gorgan,IR,2022-06-04 18:45:10,36.8387,54.4348,69.76,64,0,0.0
338,Asyut,EG,2022-06-04 18:45:11,27.181,31.1837,95.18,14,0,5.7
339,Jalu,LY,2022-06-04 18:45:11,29.0331,21.5482,85.08,33,0,16.87
340,Wawa,NG,2022-06-04 18:41:07,9.9022,4.4192,86.43,47,89,7.36
341,Fuling,CN,2022-06-04 18:45:12,29.7022,107.3919,71.51,90,100,5.08
342,Zyryanovsk,KZ,2022-06-04 18:45:13,49.7386,84.2719,46.08,91,97,2.21
343,Tuatapere,NZ,2022-06-04 18:45:13,-46.1333,167.6833,43.81,83,100,5.37
344,Imeni Stepana Razina,RU,2022-06-04 18:45:14,54.8932,44.2963,59.07,73,93,1.43
345,Verkhovazhye,RU,2022-06-04 18:45:14,60.7472,42.0465,51.64,96,39,4.05
346,Umea,SE,2022-06-04 18:45:15,63.8284,20.2597,57.13,54,0,10.36
347,Kankan,GN,2022-06-04 18:45:15,10.3854,-9.3057,89.62,36,44,8.41
348,Kavieng,PG,2022-06-04 18:45:16,-2.5744,150.7967,80.58,73,36,9.1
349,Olafsvik,IS,2022-06-04 18:45:16,64.8945,-23.7142,44.78,66,5,8.57
350,Quelimane,MZ,2022-06-04 18:45:17,-17.8786,36.8883,71.55,83,40,5.99
351,Raga,SS,2022-06-04 18:45:17,8.4596,25.678,74.37,79,76,4.76
352,Puri,IN,2022-06-04 18:45:18,19.8,85.85,77.52,91,100,15.97
353,Bowen,AU,2022-06-04 18:45:18,-20.0167,148.2333,68.59,93,100,5.66
354,Shingu,JP,2022-06-04 18:45:19,33.7333,135.9833,64.4,92,100,3.65
355,Hattiesburg,US,2022-06-04 18:45:19,31.3271,-89.2903,88.65,46,0,10.36
356,Ankpa,NG,2022-06-04 18:45:20,7.3706,7.6253,76.95,80,100,5.3
357,Saint-Francois,FR,2022-06-04 18:45:20,46.4154,3.9054,74.64,73,11,5.75
358,Araguaina,BR,2022-06-04 18:45:21,-7.1911,-48.2072,81.46,68,99,3.18
359,Mae Hong Son,TH,2022-06-04 18:45:21,19.3003,97.9685,74.08,96,96,1.9
360,Presidencia Roque Saenz Pena,AR,2022-06-04 18:45:22,-26.7852,-60.4388,62.42,62,100,4.85
361,Shenjiamen,CN,2022-06-04 18:45:22,29.9576,122.298,70.36,99,100,9.86
362,Zhangye,CN,2022-06-04 18:45:23,38.9342,100.4517,66.72,40,97,7.18
363,Jasper,US,2022-06-04 18:43:44,37.2001,-94.3502,80.87,47,40,11.5
364,Ilulissat,GL,2022-06-04 18:45:24,69.2167,-51.1,41.02,65,20,5.75
365,Sovetskiy,RU,2022-06-04 18:45:24,61.3614,63.5842,40.96,47,0,5.75
366,Cienaga De Oro,CO,2022-06-04 18:42:00,8.8744,-75.6203,87.55,68,81,2.04
367,Hohhot,CN,2022-06-04 18:42:52,40.8106,111.6522,59.29,25,0,8.95
368,Nisia Floresta,BR,2022-06-04 18:45:26,-6.0911,-35.2086,84.58,81,95,7.9
369,Sistranda,NO,2022-06-04 18:45:26,63.7256,8.834,48.16,89,100,34.99
370,Mpika,ZM,2022-06-04 18:45:27,-11.8343,31.4529,50.45,83,5,2.13
371,Helong,CN,2022-06-04 18:45:27,42.5397,128.9972,50.09,100,100,2.68
372,San Rafael,AR,2022-06-04 18:46:28,-34.6177,-68.3301,59.4,32,92,5.01
373,Corigliano Calabro,IT,2022-06-04 18:46:28,39.595,16.5177,84.09,49,34,1.54
374,Belfast,GB,2022-06-04 18:41:51,54.5833,-5.9333,61.39,60,2,9.22
375,Kurumkan,RU,2022-06-04 18:46:30,54.3,110.3,54.73,87,100,3.27
376,Sangar,RU,2022-06-04 18:46:30,63.9242,127.4739,57.06,77,86,3.83
377,Hasaki,JP,2022-06-04 18:46:31,35.7333,140.8333,63.28,67,100,6.26
378,Siniscola,IT,2022-06-04 18:46:31,40.5719,9.6922,78.35,63,60,6.78
379,Lodja,CD,2022-06-04 18:46:32,-3.4833,23.4333,75.02,58,24,2.62
380,Surt,LY,2022-06-04 18:46:32,31.2089,16.5887,75.43,76,0,9.6
381,Athabasca,CA,2022-06-04 18:45:16,54.7169,-113.2854,72.01,45,100,15.28
382,Sao Filipe,CV,2022-06-04 18:46:33,14.8961,-24.4956,76.46,69,1,8.19
383,Guerrero Negro,MX,2022-06-04 18:46:33,27.9769,-114.0611,69.39,62,13,17.67
384,Jackson,US,2022-06-04 18:44:31,42.4165,-122.8345,66.15,74,100,3.44
385,Wanning,CN,2022-06-04 18:46:34,18.8003,110.3967,80.58,89,100,11.18
386,Hambantota,LK,2022-06-04 18:46:35,6.1241,81.1185,80.94,94,20,10.36
387,Jadu,LY,2022-06-04 18:46:35,31.953,12.0261,79.09,22,0,11.99
388,Pidhorodne,UA,2022-06-04 18:46:36,48.5753,35.1068,63.73,75,100,7.31
389,Arosa,CH,2022-06-04 18:46:37,46.7779,9.6762,59.52,81,100,3.36
390,Pontes E Lacerda,BR,2022-06-04 18:46:37,-15.2261,-59.3353,94.37,30,5,1.07
391,Moose Factory,CA,2022-06-04 18:46:38,51.2585,-80.6094,53.6,87,100,13.8
392,Saint-Pierre,RE,2022-06-04 18:46:38,-21.3393,55.4781,73.08,68,20,17.27
393,Walvis Bay,NA,2022-06-04 18:46:39,-22.9575,14.5053,77.95,19,44,6.91
394,Yarmouth,US,2022-06-04 18:46:39,41.7057,-70.2286,73.62,81,100,8.05
395,Turukhansk,RU,2022-06-04 18:46:40,65.8167,87.9833,40.03,67,99,5.95
396,Hirara,JP,2022-06-04 18:46:40,24.8,125.2833,82.09,88,98,14.76
397,Osmena,PH,2022-06-04 18:46:41,10.5208,119.9258,80.85,80,95,3.98
398,Marga,RO,2022-06-04 18:46:41,45.5,22.5167,63.46,94,100,3.85
399,Arkhara,RU,2022-06-04 18:46:42,49.4212,130.0842,44.4,89,0,6.49
400,Tual,ID,2022-06-04 18:46:42,-5.6667,132.75,81.97,77,100,6.29
401,Karhal,IN,2022-06-04 18:46:43,27.0003,78.9414,99.93,8,7,3.18
402,Grand Gaube,MU,2022-06-04 18:46:43,-20.0064,57.6608,74.37,68,100,8.01
403,Juba,SS,2022-06-04 18:46:44,4.8517,31.5825,81.25,42,32,4.7
404,Buraydah,SA,2022-06-04 18:46:44,26.326,43.975,95.45,6,0,5.55
405,Kruisfontein,ZA,2022-06-04 18:46:45,-34.0033,24.7314,55.89,78,100,10.87
406,Nakonde,ZM,2022-06-04 18:46:45,-9.3421,32.745,50.74,78,0,6.51
407,Ozernovskiy,RU,2022-06-04 18:46:46,51.5,156.5167,43.63,92,65,7.0
408,Pitanga,BR,2022-06-04 18:46:46,-24.7572,-51.7614,58.1,82,97,4.79
409,Qaqortoq,GL,2022-06-04 18:46:47,60.7167,-46.0333,49.93,43,2,7.76
410,Pudozh,RU,2022-06-04 18:46:47,61.8099,36.5345,48.85,93,13,4.43
411,Palu,ID,2022-06-04 18:46:48,-0.8917,119.8707,74.08,94,79,3.11
412,Devonport,AU,2022-06-04 18:46:49,-41.1667,146.35,52.09,85,100,26.75
413,Siyabuswa,ZA,2022-06-04 18:46:49,-25.1132,29.0445,57.87,31,0,5.64
414,Whitehorse,CA,2022-06-04 18:44:43,60.7161,-135.0538,65.17,36,20,8.05
415,Tutoia,BR,2022-06-04 18:46:50,-2.7619,-42.2744,81.82,72,94,6.78
416,Sorokino,RU,2022-06-04 18:46:50,53.75,84.9167,39.56,73,79,3.76
417,Tromso,NO,2022-06-04 18:46:51,69.6496,18.957,50.38,71,75,14.97
418,Anadyr,RU,2022-06-04 18:47:51,64.75,177.4833,48.7,46,0,13.42
419,Port Lincoln,AU,2022-06-04 18:47:52,-34.7333,135.8667,55.35,58,59,24.79
420,Aksu,CN,2022-06-04 18:47:52,41.1231,80.2644,69.12,36,0,9.24
421,Sao Desiderio,BR,2022-06-04 18:47:53,-12.3633,-44.9733,91.65,20,27,10.22
422,Le Port,RE,2022-06-04 18:47:54,-20.9373,55.2919,73.4,55,16,7.76
423,Dunedin,NZ,2022-06-04 18:47:46,-45.8742,170.5036,48.79,72,100,11.99
424,Anloga,GH,2022-06-04 18:47:55,5.7947,0.8973,81.75,79,100,12.46
425,San Pedro,PH,2022-06-04 18:47:55,14.35,121.0167,83.43,78,40,1.14
426,Vangaindrano,MG,2022-06-04 18:47:56,-23.35,47.6,67.98,90,77,6.93
427,Robertsport,LR,2022-06-04 18:47:56,6.7533,-11.3686,81.12,79,47,11.27
428,Gawler,AU,2022-06-04 18:47:57,-34.6,138.7333,52.25,97,100,12.12
429,Port Blair,IN,2022-06-04 18:47:57,11.6667,92.75,80.64,83,75,5.75
430,Alofi,NU,2022-06-04 18:47:59,-19.0595,-169.9187,73.29,94,8,1.14
431,Bhaderwah,IN,2022-06-04 18:47:59,32.9784,75.7186,65.71,37,6,2.39
432,Mao,ES,2022-06-04 18:48:00,39.8885,4.2658,72.16,88,20,9.22
433,Gotsu,JP,2022-06-04 18:48:00,35.0,132.2167,65.48,59,100,6.38
434,Cayenne,GF,2022-06-04 18:48:01,4.9333,-52.3333,87.84,9,0,13.8
435,Leshukonskoye,RU,2022-06-04 18:48:01,64.8989,45.7622,55.47,74,42,3.29
436,Narrabri,AU,2022-06-04 18:48:02,-30.3167,149.7833,44.06,90,99,5.19
437,Votkinsk,RU,2022-06-04 18:48:02,57.0486,53.9872,58.77,97,99,3.51
438,Khromtau,KZ,2022-06-04 18:48:03,50.2503,58.4347,60.96,79,85,3.36
439,Djibo,BF,2022-06-04 18:48:03,14.1022,-1.6306,95.95,22,25,16.04
440,Ust-Karsk,RU,2022-06-04 18:48:04,52.7011,118.8077,50.11,97,81,2.93
441,Nakhon Luang,TH,2022-06-04 18:48:05,14.4628,100.6083,81.14,91,100,5.91
442,Kitimat,CA,2022-06-04 18:48:05,54.0524,-128.6534,61.92,56,40,0.54
443,Kavaratti,IN,2022-06-04 18:48:06,10.5669,72.642,83.21,77,100,15.57
444,Brae,GB,2022-06-04 18:48:06,60.3964,-1.353,51.3,85,58,10.76
445,Rundu,NA,2022-06-04 18:48:07,-17.9333,19.7667,55.65,46,1,6.11
446,San Jeronimo,PE,2022-06-04 18:48:07,-11.9472,-75.2829,57.18,60,100,2.35
447,Revda,RU,2022-06-04 18:48:08,56.801,59.9303,45.68,80,100,3.09
448,Chingola,ZM,2022-06-04 18:48:08,-12.529,27.8838,55.02,66,8,7.61
449,Constitucion,CL,2022-06-04 18:48:09,-35.3333,-72.4167,55.92,94,100,20.18
450,Kondinskoye,RU,2022-06-04 18:48:09,59.6481,67.41,41.14,75,21,6.35
451,Mailani,IN,2022-06-04 18:48:10,28.2833,80.35,89.55,10,100,4.23
452,Rudnichnyy,RU,2022-06-04 18:48:10,59.617,52.4703,54.12,99,100,4.03
453,Terra Nova,BR,2022-06-04 18:48:11,-12.3667,-40.6667,82.45,34,74,9.86
454,Atar,MR,2022-06-04 18:48:11,20.5169,-13.0499,99.36,15,100,14.27
455,Maryborough,AU,2022-06-04 18:48:12,-25.5333,152.7,54.1,89,0,4.05
456,Maniitsoq,GL,2022-06-04 18:48:12,65.4167,-52.9,46.51,67,4,3.96
457,Curaca,BR,2022-06-04 18:48:13,-8.9903,-39.9094,84.99,44,40,14.12
458,Torbay,CA,2022-06-04 18:48:13,47.6666,-52.7314,53.28,76,100,11.5
459,Kudahuvadhoo,MV,2022-06-04 18:48:14,2.6708,72.8944,83.59,72,11,12.19
460,Aligudarz,IR,2022-06-04 18:48:15,33.4006,49.6949,65.64,32,15,5.66
461,Santiago De Las Vegas,CU,2022-06-04 18:48:15,22.97,-82.3869,85.62,74,75,15.01
462,Caravelas,BR,2022-06-04 18:48:16,-17.7125,-39.2481,75.6,70,76,14.25
463,Clayton,US,2022-06-04 18:46:34,33.5335,-84.3666,87.44,51,75,13.8
464,Najran,SA,2022-06-04 18:49:17,17.4924,44.1277,84.85,19,16,3.36
465,Mogadishu,SO,2022-06-04 18:49:17,2.0371,45.3438,78.48,82,19,14.99
466,Poya,NC,2022-06-04 18:49:18,-21.35,165.15,68.11,85,0,3.4
467,Aquiraz,BR,2022-06-04 18:49:18,-3.9014,-38.3911,84.45,79,98,5.88
468,Dauphin,CA,2022-06-04 18:49:19,51.1494,-100.0502,60.94,33,0,4.61
469,Bud,US,2022-06-04 18:49:19,39.447,-86.1758,84.81,30,3,2.84
470,Trinidad,BO,2022-06-04 18:49:20,-14.8333,-64.9,78.78,65,100,5.75
471,Conway,US,2022-06-04 18:48:06,35.0887,-92.4421,85.69,65,0,1.01
472,Adrian,US,2022-06-04 18:44:38,41.8975,-84.0372,73.92,41,0,1.99
473,Batemans Bay,AU,2022-06-04 18:49:21,-35.7167,150.1833,52.11,70,7,8.19
474,Shchors,UA,2022-06-04 18:49:21,51.8186,31.945,60.84,69,100,6.11
475,Tshikapa,CD,2022-06-04 18:49:22,-6.4167,20.8,76.1,47,7,2.91
476,Sola,VU,2022-06-04 18:49:22,-13.8833,167.55,77.67,83,40,0.0
477,Disna,BY,2022-06-04 18:49:23,55.568,28.1971,50.45,94,3,3.47
478,Davila,PH,2022-06-04 18:49:23,18.4726,120.5763,78.78,78,100,7.72
479,Raudeberg,NO,2022-06-04 18:49:24,61.9875,5.1352,47.95,90,99,17.56
480,Kidal,ML,2022-06-04 18:49:24,18.4411,1.4078,97.52,6,0,11.63
481,Hofn,IS,2022-06-04 18:49:25,64.2539,-15.2082,48.04,58,0,5.46
482,Mayo,US,2022-06-04 18:49:25,38.8876,-76.5119,87.37,40,20,11.5
483,Yining,CN,2022-06-04 18:49:26,29.0361,114.5636,74.03,97,98,1.95
484,Porto Walter,BR,2022-06-04 18:49:26,-8.2686,-72.7439,78.03,94,100,2.28
485,Imbituba,BR,2022-06-04 18:49:27,-28.24,-48.6703,63.86,90,14,1.99
486,Yuryev-Polskiy,RU,2022-06-04 18:49:28,56.5,39.6833,52.11,87,17,5.86
487,Derzhavinsk,KZ,2022-06-04 18:49:28,51.1,66.3167,49.24,58,100,10.98
488,Koubia,GN,2022-06-04 18:49:29,11.5833,-11.9,79.48,57,100,4.25
489,Atagay,RU,2022-06-04 18:49:29,55.1033,99.3875,45.12,97,67,3.58
490,Oriximina,BR,2022-06-04 18:49:30,-1.7656,-55.8661,88.02,57,100,4.97
491,Guia De Isora,ES,2022-06-04 18:49:30,28.2115,-16.7795,68.43,58,4,5.01
492,Sinnamary,GF,2022-06-04 18:49:31,5.3833,-52.95,81.12,83,95,9.08
493,Slave Lake,CA,2022-06-04 18:49:31,55.2834,-114.769,71.58,24,75,14.97
494,Gorom-Gorom,BF,2022-06-04 18:49:32,14.4439,-0.2361,98.73,18,75,9.13
495,Leningradskiy,RU,2022-06-04 18:49:32,69.3833,178.4167,34.84,70,99,5.59
496,Kosh-Agach,RU,2022-06-04 18:49:33,50.0,88.6667,42.94,74,14,1.99
497,Porto Novo,BJ,2022-06-04 18:49:33,6.4965,2.6036,82.22,79,85,9.51
498,Gondanglegi,ID,2022-06-04 18:49:34,-7.7479,112.0132,74.55,90,22,5.3
499,San Cristobal,VE,2022-06-04 18:48:16,7.7669,-72.225,75.4,70,84,5.86
500,Vizinga,RU,2022-06-04 18:49:34,61.0749,50.1031,55.89,98,100,5.21
501,Erdenet,MN,2022-06-04 18:49:35,49.0333,104.0833,44.46,59,0,1.25
502,Tecoanapa,MX,2022-06-04 18:49:36,16.5167,-98.75,85.03,68,23,10.11
503,Sao Paulo De Olivenca,BR,2022-06-04 18:49:36,-3.3783,-68.8725,73.45,99,100,3.33
504,Mercedes,AR,2022-06-04 18:49:37,-34.6515,-59.4307,61.79,53,95,8.39
505,Awbari,LY,2022-06-04 18:49:37,26.5921,12.7805,85.89,16,0,10.36
506,Samarai,PG,2022-06-04 18:49:38,-10.6167,150.6667,81.1,80,92,9.51
507,West Wendover,US,2022-06-04 18:49:38,40.7391,-114.0733,78.01,17,0,10.36
508,Kaduqli,SD,2022-06-04 18:49:39,11.0167,29.7167,86.7,38,97,2.53
509,Guiratinga,BR,2022-06-04 18:49:39,-16.3494,-53.7583,90.3,28,36,7.43
510,Skibbereen,IE,2022-06-04 18:49:40,51.55,-9.2667,55.11,94,100,16.44
511,Copiapo,CL,2022-06-04 18:49:40,-27.3667,-70.3333,62.29,14,1,9.78
512,Bilma,NE,2022-06-04 18:50:41,18.6853,12.9164,95.59,8,5,6.06
513,Gazanjyk,TM,2022-06-04 18:50:41,39.2446,55.5154,84.49,14,0,7.9
514,Aizawl,IN,2022-06-04 18:50:42,23.7333,92.7167,64.58,99,99,3.02
515,Rio Brilhante,BR,2022-06-04 18:46:23,-21.8019,-54.5464,85.93,39,19,8.57
516,Matara,LK,2022-06-04 18:50:42,5.9485,80.5353,77.27,90,60,9.46
517,Siteki,SZ,2022-06-04 18:50:43,-26.45,31.95,55.27,76,0,1.14
518,Sao Joao Da Barra,BR,2022-06-04 18:50:43,-21.6403,-41.0511,69.89,63,81,17.05
519,Tshane,BW,2022-06-04 18:50:44,-24.0196,21.8684,57.61,41,0,8.25
520,Kantunilkin,MX,2022-06-04 18:50:44,21.0917,-87.45,87.1,60,99,5.66
521,Nyurba,RU,2022-06-04 18:50:45,63.2842,118.3319,48.49,56,11,2.93
522,Lavrentiya,RU,2022-06-04 18:50:45,65.5833,-171.0,40.66,81,65,5.99
523,Fort Nelson,CA,2022-06-04 18:50:46,58.8053,-122.7002,71.19,37,75,9.22
524,Zhigansk,RU,2022-06-04 18:50:46,66.7697,123.3711,54.59,90,100,6.04
525,Labuhan,ID,2022-06-04 18:50:47,-6.8844,112.2051,78.01,87,100,6.44
526,Yankton,US,2022-06-04 18:50:47,42.8711,-97.3973,68.25,73,40,9.22
527,Arlit,NE,2022-06-04 18:50:48,18.7369,7.3853,95.88,6,0,9.17
528,Ginir,ET,2022-06-04 18:50:48,7.1333,40.7,58.12,82,67,5.32
529,Kralendijk,BQ,2022-06-04 18:50:49,12.15,-68.2667,87.78,66,40,18.41
530,Inirida,CO,2022-06-04 18:50:50,3.8653,-67.9239,72.18,97,100,1.63
531,Dingle,PH,2022-06-04 18:50:50,10.9995,122.6711,77.25,84,100,3.98
532,Huarmey,PE,2022-06-04 18:50:51,-10.0681,-78.1522,70.86,71,100,9.6
533,Yar-Sale,RU,2022-06-04 18:50:51,66.8333,70.8333,35.06,53,0,15.52
534,Kununurra,AU,2022-06-04 18:50:52,-15.7667,128.7333,73.38,88,92,0.0
535,Tamandare,BR,2022-06-04 18:50:52,-8.7597,-35.1047,78.69,82,94,10.11
536,Leo,BF,2022-06-04 18:50:53,11.1,-2.1,90.37,35,100,5.95
537,Prieska,ZA,2022-06-04 18:50:53,-29.6641,22.7474,58.75,36,57,3.02
538,Sao Joao De Pirabas,BR,2022-06-04 18:50:54,-0.7747,-47.1772,79.66,86,100,6.64
539,Huilong,CN,2022-06-04 18:50:54,31.8111,121.655,74.93,99,100,6.76
540,Hervey Bay,AU,2022-06-04 18:50:55,-25.2986,152.8535,54.01,86,0,3.0
541,Tanabe,JP,2022-06-04 18:50:55,33.7333,135.3667,67.93,77,100,1.99
542,Luvianos,MX,2022-06-04 18:50:56,18.9167,-100.4,84.07,39,31,5.46
543,Kindia,GN,2022-06-04 18:50:56,10.0569,-12.8658,76.17,82,42,4.7
544,Peer,BE,2022-06-04 18:50:57,51.1317,5.4568,76.55,54,11,11.5
545,Wilmington,US,2022-06-04 18:50:14,34.2257,-77.9447,78.93,68,100,6.91
546,Namtsy,RU,2022-06-04 18:50:58,62.7161,129.6658,60.49,61,89,3.42
547,San Buenaventura,MX,2022-06-04 18:50:58,27.0833,-101.5333,92.48,40,20,8.05
548,Grenaa,DK,2022-06-04 18:50:59,56.4158,10.8783,64.62,77,16,6.78
549,Sioux Lookout,CA,2022-06-04 18:50:59,50.1001,-91.917,57.27,44,20,13.8
550,Narsaq,GL,2022-06-04 18:51:00,60.9167,-46.05,55.2,35,5,6.38
551,Palmital,BR,2022-06-04 18:51:00,-22.7889,-50.2175,72.63,56,33,9.08
552,Lofthus,NO,2022-06-04 18:51:01,59.9468,10.8018,63.1,42,99,8.57
553,Bubaque,GW,2022-06-04 18:51:01,11.2833,-15.8333,80.42,81,18,15.3
554,Chapais,CA,2022-06-04 18:51:02,49.7834,-74.8492,58.78,56,100,4.36
555,La Palma,US,2022-06-04 18:51:02,33.8464,-118.0467,75.72,73,100,6.91
556,Chernyshevskiy,RU,2022-06-04 18:51:03,63.0128,112.4714,44.06,50,16,2.89
557,Buckeye,US,2022-06-04 18:50:45,33.3703,-112.5838,98.83,12,0,4.61
558,Cocentaina,ES,2022-06-04 18:51:04,38.7398,-0.4398,78.55,52,0,3.0
559,Tomatlan,MX,2022-06-04 18:46:10,19.9333,-105.25,88.25,50,9,12.5
560,Djambala,CG,2022-06-04 18:52:05,-2.5447,14.7533,75.34,61,100,2.95
561,Seymchan,RU,2022-06-04 18:52:05,62.8833,152.4333,54.32,68,5,8.66
562,La Paz,BO,2022-06-04 18:48:37,-16.5,-68.15,57.18,50,75,6.91
563,Gary,US,2022-06-04 18:52:06,41.5934,-87.3464,76.17,55,75,12.66
564,Marawi,PH,2022-06-04 18:52:06,7.9986,124.2928,68.95,93,100,3.24
565,Bilibino,RU,2022-06-04 18:52:07,68.0546,166.4372,36.01,62,19,1.79
566,San Antonio,US,2022-06-04 18:52:08,29.4241,-98.4936,95.11,41,40,8.05
567,Tazovskiy,RU,2022-06-04 18:52:08,67.4667,78.7,30.56,85,100,16.02
568,Vanimo,PG,2022-06-04 18:52:09,-2.6741,141.3028,76.05,89,100,3.76
569,Fochville,ZA,2022-06-04 18:52:09,-26.4886,27.4939,50.14,37,0,3.56
570,Skelleftea,SE,2022-06-04 18:52:10,64.7507,20.9528,59.0,48,100,16.11
571,Evansville,US,2022-06-04 18:52:10,37.9748,-87.5558,85.62,34,40,4.0
572,Evensk,RU,2022-06-04 18:52:11,61.95,159.2333,42.94,93,100,2.35
573,Ximei,CN,2022-06-04 18:52:11,24.9639,118.3794,77.0,97,98,3.42
574,Puruaran,MX,2022-06-04 18:52:12,19.1,-101.5333,87.69,41,48,5.19
575,Elat,IL,2022-06-04 18:52:12,29.5581,34.9482,96.64,15,0,8.05
576,Novovorontsovka,UA,2022-06-04 18:52:13,47.5004,33.9175,67.86,70,100,10.65
577,Gibara,CU,2022-06-04 18:52:13,21.1097,-76.1317,90.0,47,100,20.07
578,Ugoofaaru,MV,2022-06-04 18:52:14,5.6667,73.0,82.6,79,10,16.55
579,Kamaishi,JP,2022-06-04 18:52:14,39.2667,141.8833,50.02,88,19,6.26
580,Jiazi,CN,2022-06-04 18:52:15,22.8779,116.067,80.56,87,100,13.06
581,Blind River,CA,2022-06-04 18:52:15,46.1834,-82.9582,64.51,38,63,12.59
582,Praia Da Vitoria,PT,2022-06-04 18:52:16,38.7333,-27.0667,68.25,94,40,22.24
583,Bonthe,SL,2022-06-04 18:52:16,7.5264,-12.505,80.47,76,60,10.49
584,Dubuque,US,2022-06-04 18:49:58,42.4833,-90.8668,57.79,67,75,14.97
585,Epe,NG,2022-06-04 18:52:17,6.5841,3.9834,79.48,82,99,7.16
586,Jiuquan,CN,2022-06-04 18:52:18,39.7432,98.5174,66.65,27,8,5.97
587,Coxim,BR,2022-06-04 18:52:18,-18.5067,-54.76,93.96,27,12,6.8
588,Bandarbeyla,SO,2022-06-04 18:52:19,9.4942,50.8122,80.13,78,40,27.29
589,Boffa,GN,2022-06-04 18:52:19,10.1667,-14.0333,81.79,74,98,7.83
590,Usinsk,RU,2022-06-04 18:52:20,65.9939,57.5281,45.9,39,0,12.39
591,Smidovich,RU,2022-06-04 18:52:20,48.6,133.8167,45.03,91,8,5.95
592,Kashiwazaki,JP,2022-06-04 18:52:21,37.3667,138.55,57.88,82,100,4.99
